<?xml version="1.0" encoding="UTF-8"?>
<Tokens version="1.0">
	<File path="Classes/IFlyPcmRecorder.html">
		
		<Token>
			<TokenIdentifier>//apple_ref/occ/cl/IFlyPcmRecorder</TokenIdentifier>
			<Abstract type="html">录音封装</Abstract>
			<DeclaredIn>IFlyPcmRecorder.h</DeclaredIn>
            
			
			<NodeRef refid="5"/>
		</Token>
		
		
		<Token>
			<TokenIdentifier>//apple_ref/occ/instm/IFlyPcmRecorder/setDelegate:</TokenIdentifier>
			<Abstract type="html">录音委托对象</Abstract>
			<DeclaredIn>IFlyPcmRecorder.h</DeclaredIn>
			
			<Declaration>@property (assign) id&lt;IFlyPcmRecorderDelegate&gt; delegate</Declaration>
			
			
			<Anchor>//api/name/delegate</Anchor>
            <NodeRef refid="5"/>
		</Token>
		
		<Token>
			<TokenIdentifier>//apple_ref/occ/instm/IFlyPcmRecorder/delegate</TokenIdentifier>
			<Abstract type="html">录音委托对象</Abstract>
			<DeclaredIn>IFlyPcmRecorder.h</DeclaredIn>
			
			<Declaration>@property (assign) id&lt;IFlyPcmRecorderDelegate&gt; delegate</Declaration>
			
			
			<Anchor>//api/name/delegate</Anchor>
            <NodeRef refid="5"/>
		</Token>
		
		<Token>
			<TokenIdentifier>//apple_ref/occ/instp/IFlyPcmRecorder/delegate</TokenIdentifier>
			<Abstract type="html">录音委托对象</Abstract>
			<DeclaredIn>IFlyPcmRecorder.h</DeclaredIn>
			
			<Declaration>@property (assign) id&lt;IFlyPcmRecorderDelegate&gt; delegate</Declaration>
			
			
			<Anchor>//api/name/delegate</Anchor>
            <NodeRef refid="5"/>
		</Token>
		
		<Token>
			<TokenIdentifier>//apple_ref/occ/clm/IFlyPcmRecorder/sharedInstance</TokenIdentifier>
			<Abstract type="html">单例模式</Abstract>
			<DeclaredIn>IFlyPcmRecorder.h</DeclaredIn>
			
			<Declaration>+ (id)sharedInstance</Declaration>
			
			<ReturnValue><Abstract type="html">返回录音对象单例</Abstract></ReturnValue>
			<Anchor>//api/name/sharedInstance</Anchor>
            <NodeRef refid="5"/>
		</Token>
		
		<Token>
			<TokenIdentifier>//apple_ref/occ/instm/IFlyPcmRecorder/start</TokenIdentifier>
			<Abstract type="html">开始录音</Abstract>
			<DeclaredIn>IFlyPcmRecorder.h</DeclaredIn>
			
			<Declaration>- (BOOL)start</Declaration>
			
			<ReturnValue><Abstract type="html">开启录音成功返回YES，否则返回NO</Abstract></ReturnValue>
			<Anchor>//api/name/start</Anchor>
            <NodeRef refid="5"/>
		</Token>
		
		<Token>
			<TokenIdentifier>//apple_ref/occ/instm/IFlyPcmRecorder/stop</TokenIdentifier>
			<Abstract type="html">停止录音</Abstract>
			<DeclaredIn>IFlyPcmRecorder.h</DeclaredIn>
			
			<Declaration>- (void)stop</Declaration>
			
			
			<Anchor>//api/name/stop</Anchor>
            <NodeRef refid="5"/>
		</Token>
		
		<Token>
			<TokenIdentifier>//apple_ref/occ/instm/IFlyPcmRecorder/setSample:</TokenIdentifier>
			<Abstract type="html">设置音频采样率</Abstract>
			<DeclaredIn>IFlyPcmRecorder.h</DeclaredIn>
			
			<Declaration>- (void)setSample:(NSString *)rate</Declaration>
			<Parameters>
				<Parameter>
					<Name>rate</Name>
					<Abstract type="html">-[in] 采样率，8k/16k</Abstract>
				</Parameter>
			</Parameters>
			
			<Anchor>//api/name/setSample:</Anchor>
            <NodeRef refid="5"/>
		</Token>
		
		<Token>
			<TokenIdentifier>//apple_ref/occ/instm/IFlyPcmRecorder/setSaveAudioPath:</TokenIdentifier>
			<Abstract type="html">保存录音</Abstract>
			<DeclaredIn>IFlyPcmRecorder.h</DeclaredIn>
			
			<Declaration>- (void)setSaveAudioPath:(NSString *)savePath</Declaration>
			<Parameters>
				<Parameter>
					<Name>savePath</Name>
					<Abstract type="html">音频保存路径</Abstract>
				</Parameter>
			</Parameters>
			
			<Anchor>//api/name/setSaveAudioPath:</Anchor>
            <NodeRef refid="5"/>
		</Token>
		
        
        
	</File>
</Tokens>